{
    "主标题":"NBA2K23功能",
    "副标题":"点击对应的功能更新游戏内容",
    "取消":"关闭",
    "功能":
    [
        {
            "按钮名字":"NBA本地游戏更新必须下载",
            "解压目录":"Library",
            "下载地址":"https://pan.ios668.cn/d/cd/sjb.zip",
            "解压密码":"666"
        },
        {
            "按钮名字":"NBA解说包选择下载",
            "解压目录":"Library",
            "下载地址":"https://pan.ios668.cn/d/cd/Caches.zip",
            "解压密码":"666"
        }
    
    ]
    
}
